split1,split2,split3,split4,split5,avg_accuracy,remarks,std
,,,,,,,
0.732631579,0.716101695,0.714285714,0.739316239,0.705128205,0.721492687,"RGB,ANN",0.014058391
,,,,,,,
0.642105263,0.627118644,0.671641791,0.585470085,0.668803419,0.639027841,"HSV,ANN",0.035249069
,,,,,,,
0.665263158,0.663135593,0.667377399,0.658119658,0.702991453,0.671377452,"LAB,ANN",0.018003662
