split1,split2,split3,split4,split5,avg_accuracy,remarks
0.2631578947368421,0.24152542372881355,0.26652452025586354,0.2606837606837607,0.25427350427350426,0.2572330207357568,"RGB,Logistic Regression"
0.37473684210526315,0.3389830508474576,0.31982942430703626,0.37393162393162394,0.3333333333333333,0.3481628549049428,"LAB,Logistic Regression"
0.3663157894736842,0.3961864406779661,0.3859275053304904,0.3888888888888889,0.358974358974359,0.3792585966690777,"HSV,Logistic Regression"
0.27789473684210525,0.2457627118644068,0.2302771855010661,0.28205128205128205,0.3141025641025641,0.2700176960722848,"RGB,SVM"
0.35368421052631577,0.3516949152542373,0.3347547974413646,0.3525641025641026,0.3611111111111111,0.3507618273794263,"LAB,SVM"
0.37684210526315787,0.375,0.3816631130063966,0.38247863247863245,0.405982905982906,0.38439335134621855,"HSV,SVM"
0.2294736842105263,0.2478813559322034,0.2771855010660981,0.2670940170940171,0.26282051282051283,0.25689101422467153,"RGB,Random Forest"
0.3157894736842105,0.3135593220338983,0.32196162046908317,0.2863247863247863,0.33974358974358976,0.31547575845111364,"LAB,Random Forest"
0.3473684210526316,0.3326271186440678,0.31769722814498935,0.2841880341880342,0.32051282051282054,0.32047872450850867,"HSV,Random Forest"
