split1,split2,split3,split4,split5,avg_accuracy,remarks,std
,,,,,,,
0.959745763,0.94893617,0.955319149,0.923404255,0.946808511,0.94684277,"RGB,ANN",0.014071991
,,,,,,,
0.959745763,0.955319149,0.946808511,0.925531915,0.923404255,0.942161918,"HSV,ANN",0.016824848
,,,,,,,
0.940677966,0.934042553,0.938297872,0.936170213,0.927659574,0.935369636,"LAB,ANN",0.004964878
