split1,split2,split3,split4,split5,avg_accuracy,remarks,std
,,,,,,,
0.328421053,0.341101695,0.304904051,0.318376068,0.354700855,0.329500744,"RGB,ANN",0.019362006
,,,,,,,
0.444210526,0.468220339,0.424307036,0.44017094,0.418803419,0.439142452,"HSV,ANN",0.019403817
,,,,,,,
0.366315789,0.387711864,0.413646055,0.403846154,0.418803419,0.398064656,"LAB,ANN",0.021339358
