split1,split2,split3,split4,split5,avg_accuracy,remarks,std
,,,,,,,
0.530526316,0.508474576,0.479744136,0.485042735,0.52991453,0.506740459,"RGB,ANN",0.024007313
,,,,,,,
0.412631579,0.485169492,0.426439232,0.452991453,0.44017094,0.443480539,"HSV,ANN",0.027755379
,,,,,,,
0.372631579,0.362288136,0.405117271,0.446581197,0.416666667,0.40065697,"LAB,ANN",0.034069155
