split1,split2,split3,split4,split5,avg_accuracy,remarks,std
0.923684211,0.920844327,0.924731183,0.913746631,0.945945946,0.925790459,"RGB,CNN",0.012055289
,,,,,,,
0.707894737,0.781002639,0.771505376,0.746630728,0.756756757,0.752758047,"HSV,CNN",0.028352556
,,,,,,,
0.915789474,0.934036939,0.887096774,0.865229111,0.886486486,0.897727757,"LAB,CNN",0.027111475
