split1,split2,split3,split4,split5,avg_accuracy,remarks,std
,,,,,,,
0.874666667,0.856,0.869333333,0.844919786,0.847184987,0.858420955,"RGB,ANN",0.013204097
,,,,,,,
0.826666667,0.824,0.848,0.85026738,0.871313673,0.844049544,"HSV,ANN",0.019376203
,,,,,,,
0.826666667,0.829333333,0.869333333,0.839572193,0.863270777,0.845635261,"LAB,ANN",0.0195891
