split1,split2,split3,split4,split5,avg_accuracy,remarks,std
,,,,,,,
0.294736842,0.316622691,0.330645161,0.266846361,0.289189189,0.299608049,"RGB,ANN",0.024791177
,,,,,,,
0.355263158,0.34828496,0.370967742,0.323450135,0.308108108,0.341214821,"HSV,ANN",0.025220118
,,,,,,,
0.286842105,0.274406332,0.27688172,0.221024259,0.243243243,0.260479532,"LAB,ANN",0.027439848
