split1,split2,split3,split4,split5,avg_accuracy,remarks,std
,,,,,,,
0.315789474,0.303430079,0.306451613,0.277628032,0.289189189,0.298497677,"RGB,ANN",0.015073071
,,,,,,,
0.352631579,0.319261214,0.344086022,0.323450135,0.286486486,0.325183087,"HSV,ANN",0.025720805
,,,,,,,
0.292105263,0.277044855,0.27688172,0.258760108,0.251351351,0.27122866,"LAB,ANN",0.016218739
