split1,split2,split3,split4,split5,avg_accuracy,remarks
0.7010526315789474,0.7902542372881356,0.8187633262260128,0.8461538461538461,0.717948717948718,0.7748345518391321,"RGB,CNN"
0.7642105263157895,0.684322033898305,0.7611940298507462,0.5876068376068376,0.7414529914529915,0.707757283824934,"HSV,CNN"
0.7494736842105263,0.777542372881356,0.7803837953091685,0.6474358974358975,0.75,0.7409671499673897,"LAB,CNN"
0.9031578947368422,0.7944915254237288,0.8763326226012793,0.9017094017094017,0.9102564102564102,0.8771895709455324,"RGB,CNN"
0.6989473684210527,0.7372881355932204,0.8166311300639659,0.5897435897435898,0.5876068376068376,0.6860434122857333,"HSV,CNN"
