split1,split2,split3,split4,split5,avg_accuracy,remarks,std
,,,,,,,
0.890526316,0.86440678,0.901918977,0.77991453,0.905982906,0.868549902,"RGB,CNN",0.052132241
,,,,,,,
0.698947368,0.737288136,0.81663113,0.58974359,0.587606838,0.686043412,"HSV,CNN",0.098500128
,,,,,,,
0.837894737,0.805084746,0.710021322,0.6818,0.771367521,0.710771101,"LAB,CNN",0.064874771
