split1,split2,split3,split4,split5,avg_accuracy,remarks
0.9815789473684211,0.978891820580475,0.9838709677419355,0.9487870619946092,0.9432432432432433,0.9672744081857368,"RGB,Logistic Regression"
0.9789473684210527,0.9841688654353562,0.967741935483871,0.9730458221024259,0.9567567567567568,0.9721321496398925,"LAB,Logistic Regression"
0.9236842105263158,0.9102902374670184,0.9220430107526881,0.921832884097035,0.8864864864864865,0.9128673658659088,"HSV,Logistic Regression"
0.9736842105263158,0.9683377308707124,0.967741935483871,0.9811320754716981,0.9513513513513514,0.9684494607407897,"RGB,SVM"
0.9631578947368421,0.9841688654353562,0.9704301075268817,0.9649595687331537,0.972972972972973,0.9711378818810414,"LAB,SVM"
0.9342105263157895,0.9050131926121372,0.9193548387096774,0.9164420485175202,0.8945945945945946,0.9139230401499437,"HSV,SVM"
0.7078947368421052,0.7018469656992085,0.7043010752688172,0.6792452830188679,0.6513513513513514,0.68892788243607,"RGB,Random Forest"
0.7263157894736842,0.6860158311345647,0.7446236559139785,0.7088948787061995,0.727027027027027,0.7185754364510907,"LAB,Random Forest"
0.6921052631578948,0.762532981530343,0.75,0.7169811320754716,0.7189189189189189,0.7281076591365256,"HSV,Random Forest"
