split1,split2,split3,split4,split5,avg_accuracy,remarks
0.23421052631578948,0.23482849604221637,0.20967741935483872,0.18598382749326145,0.23513513513513515,0.21996708086824826,"RGB,ANN"
0.22894736842105262,0.24538258575197888,0.2446236559139785,0.2587601078167116,0.2648648648648649,0.2485157165537173,"HSV,ANN"
0.2578947368421053,0.2559366754617414,0.25806451612903225,0.18059299191374664,0.21891891891891893,0.23428156785310894,"LAB,ANN"
