split1,split2,split3,split4,split5,avg_accuracy,remarks,std
,,,,,,,
0.976694915,0.965957447,0.980851064,0.976595745,0.944680851,0.968956004,"RGB,CNN",0.014646017
,,,,,,,
0.917372881,0.953191489,0.970212766,0.942553191,0.957446809,0.948155427,"HSV,CNN",0.019856788
,,,,,,,
0.923728814,0.878723404,0.931914894,0.917021277,0.955319149,0.921341507,"LAB,CNN",0.027869979
