split1,split2,split3,split4,split5,avg_accuracy,remarks,std
,,,,,,,
0.457894737,0.448548813,0.430107527,0.315363881,0.354054054,0.401193802,"RGB,ANN",0.063012752
,,,,,,,
0.436842105,0.435356201,0.440860215,0.285714286,0.340540541,0.387862669,"HSV,ANN",0.070952513
,,,,,,,
0.373684211,0.406332454,0.416666667,0.264150943,0.310810811,0.354329017,"LAB,ANN",0.06517454
