split1,split2,split3,split4,split5,avg_accuracy,remarks
0.2736842105263158,0.298728813559322,0.3283582089552239,0.31196581196581197,0.32051282051282054,0.30664997310389885,"RGB,ANN"
0.3873684210526316,0.4004237288135593,0.417910447761194,0.3995726495726496,0.3803418803418803,0.397123425508383,"HSV,ANN"
0.33473684210526317,0.3580508474576271,0.3304904051172708,0.3418803418803419,0.37393162393162394,0.3478180120984254,"LAB,ANN"
