split1,split2,split3,split4,split5,avg_accuracy,remarks,std
,,,,,,,
0.968,0.96,0.957333333,0.959893048,0.967828418,0.96261096,"RGB,CNN",0.00495785
,,,,,,,
0.928,0.917333333,0.933333333,0.887700535,0.91689008,0.916651456,"HSV,CNN",0.017647608
,,,,,,,
0.874666667,0.949333333,0.914666667,0.737967914,0.932975871,0.88192209,"LAB,CNN",0.085144609
